rotation,accuracy
-32.0,0.666666666667
-16.0,0.4
-8.0,0.272727272727
0.0,0.428571428571
8.0,0.333333333333
16.0,0.5
32.0,0.625
