PSE,Precision
-9.47022770499,0.0019484668908
