PSE,Precision
792.999507365,-8.5425948102e-05
