rotation,accuracy
-32.0,0.466666666667
-16.0,0.5
-8.0,0.307692307692
0.0,0.214285714286
8.0,0.470588235294
16.0,0.4
32.0,0.642857142857
